最新价	涨跌幅	转债代码	转债名称	总市值	纯债价值	最新价/正股价格	涨跌幅	正股代码	正股名称	转股价值	转股溢价率	纯债溢价率	回售触发价	强赎触发价	到期赎回价	开始转股日	申购日期
-	-	123098	一品转债	-	99.153	45.19	-1.18	300723	一品红	98.7112	1.31	0.85	32.05	59.51	118.0	20210803	20210128
125.97	2.0	128136	立讯转债	-	90.1815	53.8	1.18	002475	立讯精密	92.0602	36.83	39.68	40.91	75.97	108.0	20210510	20201103
173.28	2.95	113041	紫金转债	-	90.4771	10.8	3.45	601899	紫金矿业	154.0656	12.47	91.52	4.91	9.11	106.0	20210510	20201103
98.1	-0.91	123075	贝斯转债	-	93.2729	19.03	-1.09	300580	贝斯特	79.3247	23.67	5.18	16.79	31.19	110.0	20210506	20201102
110.0	0.68	113607	伟20转债	-	92.9135	17.34	-2.14	603568	伟明环保	78.7824	39.63	18.39	15.41	28.61	110.0	20210506	20201102
112.85	2.0	110076	华海转债	-	92.9135	27.21	5.75	600521	华海药业	78.5055	43.75	21.46	24.26	45.06	110.0	20210506	20201102
99.58	-0.57	113606	荣泰转债	-	97.9355	26.94	-0.96	603579	荣泰健康	80.8523	23.16	1.68	23.32	43.32	115.0	20210505	20201030
130.798	0.94	123074	隆利转债	-	100.1671	41.15	0.22	300752	隆利科技	139.9184	-6.52	30.58	20.59	38.23	118.0	20210504	20201029
102.0	-1.26	123073	同和转债	-	98.9758	23.3	-2.35	300636	同和药业	97.8992	4.19	3.06	16.66	30.94	116.0	20210503	20201026
105.394	-0.52	127023	华菱转2	-	88.9114	4.94	-0.4	000932	华菱钢铁	95.3668	10.51	18.54	3.63	6.48	106.0	20210429	20201023
133.8	-0.89	113605	大参转债	-	93.1222	98.48	-0.63	603233	大参林	117.4478	13.92	43.68	58.7	109.01	110.0	20210428	20201022
147.54	0.69	113040	星宇转债	-	90.0006	212.42	0.35	601799	星宇股份	134.443	9.74	63.93	110.6	205.4	108.0	20210428	20201022
124.818	3.84	123072	乐歌转债	-	105.026	37.6	2.31	300729	乐歌股份	51.4153	142.76	18.84	51.19	95.07	120.0	20210427	20201021
94.89	0.2	123071	天能转债	-	97.9288	13.46	-0.44	300569	天能重工	67.1322	41.35	-3.1	14.04	26.07	115.0	20210427	20201021
135.33	3.07	128135	洽洽转债	-	97.1684	67.46	10.0	002557	洽洽食品	110.8992	22.03	39.27	42.58	79.08	115.0	20210426	20201020
113.199	1.34	123070	鹏辉转债	-	93.0485	20.74	3.8	300438	鹏辉能源	102.877	10.03	21.66	14.11	26.21	110.0	20210426	20201020
143.9	-1.63	127022	恒逸转债	-	87.9936	14.61	3.18	000703	恒逸石化	127.0435	13.27	63.53	8.05	14.95	105.0	20210422	20201016
93.904	-0.1	123069	金诺转债	-	101.9234	15.83	-0.57	300505	川金诺	82.6632	13.6	-7.87	13.41	24.9	120.0	20210422	20201016
98.09	-0.92	123068	弘信转债	-	98.0963	15.8	1.61	300657	弘信电子	85.6369	14.54	-0.01	12.92	23.99	115.0	20210421	20201015
122.17	-1.56	110075	南航转债	-	88.8627	5.78	-1.87	600029	南方航空	92.6282	31.89	37.48	4.37	8.11	106.5	20210421	20201015
96.59	3.8	113604	多伦转债	-	94.9251	7.46	1.5	603528	多伦科技	71.4559	35.17	1.75	7.31	13.57	110.0	20210419	20201013
134.0	3.36	128134	鸿路转债	-	93.1629	52.15	6.17	002541	鸿路钢构	119.2273	12.39	43.83	30.62	56.86	110.0	20210415	20201009
128.0	-2.93	113603	东缆转债	-	93.3191	26.16	-3.65	603606	东方电缆	109.5477	16.84	37.16	16.72	31.04	110.0	20210330	20200924
104.062	-0.01	128133	奇正转债	-	95.1479	26.61	-1.04	002287	奇正藏药	88.3466	17.79	9.37	21.08	39.16	112.0	20210329	20200922
107.761	3.11	123067	斯莱转债	-	98.4033	9.53	5.89	300382	斯莱克	101.5991	6.06	9.51	6.57	11.26	115.0	20210323	20200917
125.658	-0.59	123066	赛意转债	-	98.582	28.2	-0.42	300687	赛意信息	124.8893	0.62	27.47	15.81	29.35	115.0	20210322	20200916
90.346	-0.72	128132	交建转债	-	95.2223	10.04	0.2	002941	新疆交建	54.0657	67.1	-5.12	13.0	24.14	110.0	20210322	20200915
99.58	-0.4	128131	崇达转2	-	93.5911	12.53	0.08	002815	崇达技术	64.1249	55.29	6.4	13.68	25.4	110.0	20210311	20200907
99.59	0.6	123065	宝莱转债	-	98.7139	25.16	-3.12	300246	宝莱特	62.0622	60.47	0.89	28.38	52.7	115.0	20210311	20200904
121.021	-0.72	123064	万孚转债	-	93.5586	88.19	0.35	300482	万孚生物	94.2704	28.38	29.35	65.49	121.62	110.0	20210308	20200901
112.489	-0.19	128130	景兴转债	-	93.569	3.88	-0.77	002067	景兴纸业	114.1176	-1.43	20.22	2.72	4.42	110.0	20210304	20200831
102.501	-1.89	128129	青农转债	-	91.2032	4.52	-0.66	002958	青农商行	78.7456	30.17	12.39	-	7.46	108.0	20210301	20200825
108.72	0.19	113602	景20转债	-	92.2149	26.29	-0.64	603228	景旺电子	74.5181	45.9	17.9	24.7	45.86	108.0	20210301	20200824
96.68	-2.19	113039	嘉泽转债	-	92.0215	3.36	-7.44	601619	嘉泽新能	94.1176	2.72	5.06	2.5	4.64	108.0	20210301	20200824
94.74	-1.15	113601	塞力转债	-	98.7977	14.97	-1.64	603716	塞力医疗	88.1625	7.46	-4.11	11.89	22.07	115.0	20210301	20200821
96.59	-9.75	128128	齐翔转2	-	93.863	8.11	-9.69	002408	齐翔腾达	98.6618	-2.1	2.91	5.75	10.69	110.0	20210226	20200820
88.0	-0.1	128127	文科转债	-	98.8086	4.27	0.23	002775	文科园林	79.5158	10.67	-10.94	3.76	6.98	115.0	20210301	20200820
91.17	-1.9	110074	精达转债	-	95.5088	2.81	2.18	600577	精达股份	74.9333	21.67	-4.54	2.63	4.88	112.0	20210225	20200819
70.64	-0.63	110072	广汇转债	-	93.1448	2.43	-0.41	600297	广汇汽车	60.2978	17.15	-24.16	2.82	5.24	110.0	20210224	20200818
85.79	-0.71	113600	新星转债	-	102.6528	16.2	4.05	603978	深圳新星	67.9245	26.3	-16.43	16.7	31.01	120.0	20210219	20200813
94.743	-0.25	127021	特发转2	-	95.8718	7.36	-0.27	000070	特发信息	59.6918	58.72	-1.18	8.63	16.03	110.0	20210213	20200807
214.996	7.98	128126	赣锋转2	-	90.5175	130.73	8.5	002460	赣锋锂业	216.9073	-0.88	137.52	42.19	78.35	107.0	20210218	20200806
96.5	-0.4	113599	嘉友转债	-	102.744	19.78	1.28	603871	嘉友国际	79.6938	21.09	-6.08	17.37	32.27	120.0	20210218	20200805
122.83	-0.62	113598	法兰转债	-	98.9297	16.3	-0.79	603966	法兰泰克	117.4352	4.59	24.16	9.72	18.04	115.0	20210208	20200731
205.19	2.43	113038	隆20转债	-	91.1762	109.01	1.95	601012	隆基股份	207.2828	-1.01	125.05	36.81	68.37	107.0	20210208	20200731
105.0	1.01	128125	华阳转债	-	96.7026	19.8	0.0	002949	华阳国际	76.7739	36.77	8.58	18.05	33.53	113.0	20210205	20200730
91.38	0.2	113597	佳力转债	-	101.6454	12.83	-0.16	603912	佳力图	54.8291	66.66	-10.1	16.38	30.42	118.0	20210205	20200730
99.124	-1.17	128124	科华转债	-	89.9715	15.74	-1.56	002022	科华生物	73.1753	35.46	10.17	15.06	27.96	106.0	20210203	20200728
102.644	-0.44	123063	大禹转债	-	103.2829	4.79	0.21	300021	大禹节水	96.9636	5.86	-0.62	3.46	6.42	120.0	20210203	20200728
84.93	-0.56	113596	城地转债	-	92.6608	15.43	1.18	603887	城地香江	52.8244	60.78	-8.34	20.45	37.97	108.0	20210204	20200728
101.45	0.63	128123	国光转债	-	94.9131	10.02	0.7	002749	国光股份	73.1387	38.71	6.89	9.59	17.81	110.0	20210201	20200727
104.5	2.08	123062	三超转债	-	97.7917	16.48	1.92	300554	三超新材	95.9814	8.88	6.86	12.02	22.32	113.0	20210201	20200727
106.2	-1.4	110073	国投转债	-	90.0944	12.98	-0.08	600061	国投资本	85.1148	24.77	17.88	-	19.83	107.0	20210201	20200724
97.802	-0.41	128122	兴森转债	-	96.0243	9.32	0.98	002436	兴森科技	65.7264	48.8	1.85	8.51	18.43	110.0	20210129	20200723
101.78	-1.47	113037	紫银转债	-	94.5892	3.78	-1.56	601860	紫金银行	79.5789	27.9	7.6	-	6.18	110.0	20210129	20200723
101.601	0.79	123061	航新转债	-	102.0146	12.58	-2.4	300424	航新科技	84.6568	20.02	-0.41	10.4	19.32	118.0	20210128	20200722
120.234	-1.04	123060	苏试转债	-	96.0813	24.36	1.2	300416	苏试试验	102.0956	17.77	25.14	16.7	31.02	112.0	20210127	20200721
85.93	0.13	113595	花王转债	-	102.3911	5.12	6.22	603007	花王股份	73.8817	16.31	-16.08	4.85	9.01	116.0	20210127	20200721
97.5	-1.88	113594	淳中转债	-	99.2369	29.96	0.37	603516	淳中科技	76.0986	28.12	-1.75	27.56	51.18	115.0	20210127	20200721
108.0	-0.92	127020	中金转债	-	92.7508	4.21	-1.64	000060	中金岭南	89.3843	20.83	16.44	3.3	6.12	110.0	20210125	20200720
114.54	-2.87	113593	沪工转债	-	99.3994	21.25	-2.43	603131	上海沪工	99.6717	14.92	15.23	14.92	27.72	115.0	20210125	20200720
112.99	1.47	128121	宏川转债	-	92.6046	18.82	3.12	002930	宏川智慧	92.9383	21.58	22.01	14.18	26.33	108.0	20210125	20200717
92.201	-0.86	128120	联诚转债	-	96.8399	17.95	-0.39	002921	联诚精密	73.6561	25.18	-4.79	17.06	31.68	112.0	20210125	20200717
78.5	-0.61	127019	国城转债	-	94.0587	8.64	1.53	000688	国城矿业	41.0062	91.43	-16.54	14.75	27.39	110.0	20210121	20200715
96.07	-0.44	123059	银信转债	-	101.4512	7.95	-1.24	300231	银信科技	80.222	19.76	-5.3	6.94	12.88	118.0	20210121	20200715
141.98	2.92	123058	欣旺转债	-	95.0772	28.33	6.91	300207	欣旺达	133.3804	6.45	49.33	14.87	27.61	111.0	20210120	20200714
132.5	1.45	128119	龙大转债	-	98.2451	12.37	-0.64	002726	龙大肉食	129.2581	2.51	34.87	6.7	12.44	115.0	20210118	20200713
92.14	-0.16	110071	湖盐转债	-	94.2063	5.1	-0.39	600929	雪天盐业	77.2727	19.24	-2.19	4.62	8.58	110.0	20210118	20200710
237.64	8.8	113592	安20转债	-	92.5028	272.94	7.6	603345	安井食品	235.4961	0.91	156.9	81.13	150.67	108.0	20210114	20200708
94.58	0.4	113036	宁建转债	-	95.976	3.61	1.12	601789	宁波建工	74.2798	27.33	-1.45	3.4	6.32	110.0	20210111	20200706
85.858	-1.06	128118	瀛通转债	-	100.0251	17.44	-0.68	002861	瀛通通讯	63.3491	35.53	-14.16	19.27	35.79	115.0	20210108	20200702
101.1	-1.08	128117	道恩转债	-	101.078	24.47	-1.73	002838	道恩股份	84.2921	19.94	0.02	20.32	37.74	118.0	20210108	20200702
97.61	2.54	123057	美联转债	-	96.8136	7.99	4.31	300586	美联新材	80.6256	21.07	0.82	6.94	12.88	112.0	20210107	20200701
96.57	-1.96	113591	胜达转债	-	100.0771	9.54	-1.55	603687	大胜达	91.2046	5.88	-3.5	7.32	13.6	116.0	20210108	20200701
93.811	-0.26	128116	瑞达转债	-	94.409	21.81	0.23	002961	瑞达期货	73.1388	28.26	-0.63	20.87	38.77	110.0	20210104	20200629
75.763	-0.81	127018	本钢转债	-	105.5388	2.85	0.0	000761	本钢板材	56.66	33.72	-28.21	3.52	6.54	119.0	20210104	20200629
169.06	2.24	113590	海容转债	-	94.685	61.65	1.9	603187	海容冷链	169.4147	-0.21	78.55	25.47	47.31	110.0	20210104	20200629
303.22	1.75	128115	巨星转债	-	94.4719	37.36	2.19	002444	巨星科技	304.2345	-0.33	220.96	8.6	15.96	110.0	20210104	20200624
101.35	-1.6	123056	雪榕转债	-	99.2399	10.05	-1.28	300511	雪榕生物	84.5248	19.91	2.13	8.32	14.27	115.0	20210104	20200624
78.72	-0.61	113589	天创转债	-	94.4719	5.17	-2.08	603608	天创时尚	41.5595	89.42	-16.67	8.71	16.17	110.0	20210104	20200624
112.199	-1.14	128114	正邦转债	-	94.5447	16.03	-2.85	002157	正邦科技	103.0868	8.84	18.67	10.89	20.22	110.0	20201223	20200617
133.84	1.39	123055	晨光转债	-	101.96	16.44	0.92	300138	晨光生物	134.2041	-0.27	31.27	8.58	15.93	118.0	20201223	20200617
104.35	-0.95	113588	润达转债	-	93.6295	10.98	-1.61	603108	润达医疗	82.1856	26.97	11.45	9.35	17.37	109.0	20201223	20200617
115.2	-0.41	128113	比音转债	-	96.1986	15.92	-1.97	002832	比音勒芬	106.8456	7.82	19.75	10.43	19.37	112.0	20201221	20200615
143.39	1.57	113587	泛微转债	-	101.9824	92.2	0.5	603039	泛微网络	143.3235	0.05	40.6	45.03	83.63	118.0	20201221	20200615
145.8	-0.41	128112	歌尔转2	-	93.8387	34.03	-0.23	002241	歌尔股份	146.2398	-0.3	55.37	16.29	30.25	110.0	20201218	20200612
205.3	1.9	128111	中矿转债	-	102.3816	30.8	1.99	002738	中矿资源	199.095	3.12	100.52	10.83	20.11	118.0	20201217	20200611
89.142	-0.73	123054	思特转债	-	99.9419	10.97	-0.99	300608	思特奇	66.5252	34.0	-10.81	11.54	21.44	115.0	20201216	20200610
303.8	4.33	128110	永兴转债	-	92.8949	52.28	5.42	002756	永兴材料	306.4478	-0.86	227.04	11.94	22.18	108.0	20201215	20200609
134.23	-0.35	113585	寿仙转债	-	96.7225	38.76	-0.03	603896	寿仙谷	135.1464	-0.68	38.78	20.08	37.28	112.0	20201215	20200609
101.8	-1.58	123053	宝通转债	-	99.6423	16.79	-0.06	300031	宝通科技	80.7212	26.11	2.17	14.56	27.04	115.0	20201211	20200605
107.15	0.24	123052	飞鹿转债	-	104.6338	9.81	-1.41	300665	飞鹿股份	99.0909	8.13	2.4	6.93	12.87	120.0	20201211	20200605
102.01	0.15	113584	家悦转债	-	94.6696	20.64	1.47	603708	家家悦	54.3587	87.66	7.75	26.58	49.36	110.0	20201214	20200605
107.39	-0.58	128109	楚江转债	-	94.68	7.65	2.0	002171	楚江新材	87.6289	22.55	13.42	6.11	11.35	110.0	20201210	20200604
104.546	0.04	123051	今天转债	-	100.9212	8.85	-0.78	300532	今天国际	100.5682	3.96	3.59	6.16	11.44	116.0	20201210	20200604
109.2	2.54	127017	万青转债	-	97.221	11.92	1.1	000789	万年青	84.1808	29.72	12.32	9.91	18.41	113.0	20201209	20200603
137.84	0.05	113583	益丰转债	-	94.7112	99.37	0.58	603939	益丰药房	138.3598	-0.38	45.54	50.27	93.37	110.0	20201207	20200601
148.8	-0.79	128108	蓝帆转债	-	93.1166	26.75	0.04	002382	蓝帆医疗	150.3654	-1.04	59.8	12.45	23.13	108.0	20201203	20200528
286.25	0.5	113582	火炬转债	-	94.7633	67.96	0.59	603678	火炬电子	268.2985	6.69	202.07	17.73	32.93	110.0	20201202	20200527
237.85	2.49	113580	康隆转债	-	100.0131	14.19	-1.46	603665	康隆达	91.4894	159.98	137.82	10.86	20.16	115.0	20201029	20200423
107.16	0.13	113579	健友转债	-	94.1959	31.75	-0.84	603707	健友股份	75.5054	41.92	13.76	29.44	54.67	109.0	20201029	20200423
103.914	-0.08	128107	交科转债	-	95.1269	5.09	-0.39	002061	浙江交科	94.9627	9.43	9.24	3.75	6.97	110.0	20201028	20200422
90.69	-0.61	113578	全筑转债	-	97.6124	4.17	-0.24	603030	全筑股份	76.7956	18.09	-7.09	3.8	7.06	113.0	20201026	20200420
95.4	0.21	113573	纵横转债	-	103.0001	10.14	0.9	603602	纵横通信	53.9075	76.97	-7.38	13.17	24.45	118.0	20201023	20200417
115.0	0.44	123050	聚飞转债	-	102.5776	5.07	0.0	300303	聚飞光电	97.8764	17.5	12.11	3.63	6.73	118.0	20201020	20200414
127.5	0.28	113577	春秋转债	-	97.6481	14.16	2.83	603890	春秋电子	128.0289	-0.41	30.57	7.74	14.38	112.0	20201020	20200414
101.0	-1.56	123049	维尔转债	-	103.1412	6.54	-0.61	300190	维尔利	87.4332	15.52	-2.08	5.24	9.72	118.0	20201019	20200413
90.58	-1.64	110070	凌钢转债	-	97.3139	2.19	-1.35	600231	凌钢股份	79.6364	13.74	-6.92	1.93	3.58	112.0	20201019	20200413
114.0	0.0	128106	华统转债	-	93.5069	8.79	0.46	002840	华统股份	93.6102	21.78	21.92	6.57	12.21	108.0	20201016	20200410
104.3	1.16	123048	应急转债	-	93.4106	8.49	0.35	300527	中船应急	95.3933	9.34	11.66	6.23	11.57	108.0	20201016	20200410
90.84	1.61	113576	起步转债	-	100.7074	7.04	2.03	603557	起步股份	66.7299	36.13	-9.8	7.39	13.72	115.0	20201016	20200410
113.0	-0.88	113034	滨化转债	-	95.0555	5.07	-1.36	601678	滨化股份	108.3333	4.31	18.88	3.28	6.08	110.0	20201016	20200410
96.0	-1.44	128105	长集转债	-	95.2616	6.98	-1.13	002616	长青集团	86.0666	11.54	0.78	5.68	10.54	110.0	20201015	20200409
94.2	0.96	127016	鲁泰转债	-	95.9847	6.05	1.0	000726	鲁  泰Ａ	67.9012	38.73	-1.86	6.24	11.58	111.0	20201015	20200409
133.59	4.13	113575	东时转债	-	93.7875	11.39	-0.52	603377	东方时尚	78.228	70.77	42.44	10.19	18.93	108.0	20201015	20200409
129.5	-0.45	110069	瀚蓝转债	-	93.638	21.95	3.44	600323	瀚蓝环境	108.6634	19.18	38.3	14.14	26.26	110.0	20201013	20200407
98.84	-0.48	113033	利群转债	-	95.3443	6.66	0.6	601366	利群股份	95.0071	4.03	3.67	4.91	9.11	110.0	20201009	20200401
96.81	-0.82	113574	华体转债	-	96.3468	18.55	-0.7	603679	华体科技	54.5749	77.39	0.48	23.79	44.19	110.0	20201009	20200331
194.88	0.97	128103	同德转债	-	100.8572	9.8	9.99	002360	同德化工	189.1892	3.01	93.22	3.63	6.73	115.0	20201009	20200326
97.64	-1.55	110068	龙净转债	-	95.1314	8.5	-1.51	600388	龙净环保	79.2171	23.26	2.64	7.51	13.95	110.0	20200930	20200324
103.4	0.49	123047	久吾转债	-	107.899	15.83	2.0	300631	久吾高科	89.8921	15.03	-4.17	12.33	22.89	121.0	20200928	20200320
150.411	1.77	123046	天铁转债	-	97.9238	14.57	2.25	300587	天铁股份	143.9723	4.47	53.6	7.08	13.16	112.0	20200925	20200319
104.9	0.1	128101	联创转债	-	95.3137	10.05	2.03	002036	联创电子	72.5108	44.67	10.06	9.7	18.02	110.0	20200921	20200316
74.546	-6.11	128100	搜特转债	-	97.2014	1.67	-9.73	002503	搜于特	57.5862	29.45	-23.31	2.03	3.77	112.0	20200918	20200312
101.5	1.39	123045	雷迪转债	-	99.0205	16.6	0.12	300652	雷迪克	82.464	23.08	2.5	14.09	26.17	113.0	20200918	20200312
117.02	1.49	123044	红相转债	-	104.1148	20.07	7.85	300427	红相股份	106.7553	9.62	12.4	13.16	24.44	118.0	20200918	20200312
108.4	-1.41	113572	三祥转债	-	93.8046	14.62	0.48	603663	三祥新材	103.0303	5.21	15.56	9.93	18.45	108.0	20200918	20200312
102.85	-0.01	110067	华安转债	-	91.4273	6.73	1.82	600909	华安证券	77.624	32.5	12.49	-	11.27	107.0	20200918	20200312
93.71	-1.13	113570	百达转债	-	95.5616	9.2	-4.47	603331	百达精工	79.7227	17.54	-1.94	8.08	15.0	110.0	20200917	20200311
86.77	0.0	113569	科达转债	-	100.0737	6.82	-1.02	603660	苏州科达	45.9569	88.81	-13.29	10.39	19.29	115.0	20200914	20200309
91.8	-0.56	113568	新春转债	-	103.5666	6.79	0.0	603667	五洲新春	76.2065	20.46	-11.36	6.24	11.58	118.0	20200914	20200306
116.5	3.74	123043	正元转债	-	100.7466	13.86	-1.21	300645	正元智慧	89.9416	29.53	15.64	10.79	20.03	115.0	20200911	20200305
97.8	0.05	113567	君禾转债	-	99.0234	9.64	0.52	603617	君禾股份	84.1187	16.26	-1.24	8.02	14.9	113.0	20200910	20200304
163.11	3.51	110066	盛屯转债	-	95.6542	7.99	2.83	600711	盛屯矿业	163.7295	-0.38	70.52	3.42	6.34	110.0	20200907	20200302
95.82	-6.78	113566	翔港转债	-	103.3758	7.43	2.34	603499	翔港科技	68.9879	38.89	-7.31	7.54	12.92	118.0	20200907	20200228
113.07	-0.62	113564	天目转债	-	105.189	23.31	-2.43	603136	天目湖	100.9091	12.05	7.49	16.17	30.03	120.0	20200907	20200228
103.88	-1.01	113565	宏辉转债	-	98.1428	9.5	-2.26	603336	宏辉果蔬	95.0	9.35	5.85	7.0	13.0	112.0	20200903	20200226
145.799	4.14	128097	奥佳转债	-	95.7056	15.45	8.73	002614	奥佳华	144.5276	0.88	52.34	7.48	13.9	110.0	20200902	20200225
119.4	2.31	128096	奥瑞转债	-	96.4951	5.02	6.58	002701	奥瑞金	110.5727	7.98	23.74	3.18	5.9	110.0	20200817	20200211
217.8	3.72	128095	恩捷转债	-	95.8497	137.7	1.69	002812	恩捷股份	211.5532	2.95	127.23	45.56	84.62	110.0	20200817	20200211
111.5	1.11	128094	星帅转债	-	100.8515	15.58	2.43	002860	星帅尔	111.6846	-0.17	10.56	9.77	18.14	115.0	20200722	20200116
103.59	-0.36	113563	柳药转债	-	94.0559	20.55	0.2	603368	柳药股份	83.9804	23.35	10.14	17.13	31.81	108.0	20200722	20200116
126.39	5.3	123042	银河转债	-	96.1966	18.19	1.62	300619	金银河	74.5492	69.54	31.39	17.08	31.72	110.0	20200720	20200114
98.88	-0.81	128093	百川转债	-	108.5823	5.3	-4.68	002455	百川股份	90.2896	9.51	-8.94	4.11	7.63	120.0	20200709	20200103
120.5	-3.6	127015	希望转债	-	91.6987	22.15	-2.72	000876	新 希 望	112.1519	7.44	31.41	13.83	25.68	106.0	20200709	20200103
96.42	-0.55	113561	正裕转债	-	98.5402	7.71	0.39	603089	正裕工业	75.3666	27.93	-2.15	7.16	13.3	112.0	20200707	20191231
112.1	-0.18	128091	新天转债	-	99.7465	15.29	1.46	002873	新天药业	93.2886	20.16	12.38	11.47	21.31	113.0	20200706	20191230
104.17	0.94	128090	汽模转2	-	95.9198	4.09	2.25	002510	天汽模	97.1496	7.23	8.6	2.95	5.47	110.0	20200703	20191227
99.4	0.25	123039	开润转债	-	101.0772	22.76	5.61	300577	开润股份	69.2425	43.55	-1.66	23.01	42.73	115.0	20200702	20191226
109.12	0.22	123038	联得转债	-	99.067	23.41	0.34	300545	联得装备	92.5662	17.88	10.15	17.7	32.88	113.0	20200701	20191225
101.11	0.28	113030	东风转债	-	97.6141	5.84	2.64	601515	东风股份	86.5185	16.87	3.58	4.73	8.78	112.0	20200630	20191224
104.7	0.1	113559	永创转债	-	98.8981	9.13	-0.22	603901	永创智能	88.469	18.35	5.87	7.22	13.42	112.0	20200629	20191223
115.49	-2.31	110065	淮矿转债	-	92.5349	10.41	-2.16	600985	淮北矿业	111.5756	3.51	24.81	6.53	12.13	106.0	20200629	20191223
94.5	-0.04	110064	建工转债	-	100.1514	3.37	-0.88	600939	重庆建工	73.7418	28.15	-5.64	3.2	5.94	113.0	20200629	20191220
92.04	0.0	113557	森特转债	-	100.5307	8.3	0.0	603098	森特股份	82.0969	12.11	-8.45	7.08	13.14	115.0	20200629	20191219
84.22	0.36	128087	孚日转债	-	94.356	4.08	0.49	002083	孚日股份	64.7619	30.05	-10.74	4.41	8.19	108.0	20200623	20191217
82.399	1.83	128085	鸿达转债	-	104.0031	3.32	4.4	002002	鸿达兴业	84.6939	-2.71	-20.77	2.74	5.1	118.0	20200622	20191216
165.59	3.76	113029	明阳转债	-	94.366	21.38	4.29	601615	明阳智能	167.0313	-0.86	75.48	8.96	16.64	108.0	20200622	20191216
102.53	-0.41	110063	鹰19转债	-	96.8766	3.03	-1.3	600567	山鹰国际	91.8182	11.67	5.84	2.31	4.29	111.0	20200619	20191213
103.99	-0.17	128083	新北转债	-	96.0719	9.96	0.81	002376	新北洋	85.1282	22.16	8.24	8.19	15.21	110.0	20200618	20191212
90.81	-0.32	128082	华锋转债	-	101.6884	8.65	-1.37	002806	华锋股份	73.8685	22.93	-10.7	8.2	15.22	115.0	20200610	20191204
100.89	-0.29	110062	烽火转债	-	92.7403	19.2	-0.16	600498	烽火通信	74.8538	34.78	8.79	17.96	33.35	106.0	20200608	20191202
95.17	-1.29	128081	海亮转债	-	96.2851	8.06	0.0	002203	海亮股份	82.582	15.24	-1.16	6.83	12.69	110.0	20200527	20191121
120.21	-4.45	113550	常汽转债	-	101.7549	11.52	-4.16	603035	常熟汽饰	119.3782	0.7	18.14	6.76	12.55	115.0	20200522	20191118
93.53	-1.54	113549	白电转债	-	96.2483	7.42	2.34	603861	白云电器	83.5586	11.93	-2.82	6.22	11.54	110.0	20200521	20191115
107.0	-1.78	123035	利德转债	-	96.5512	5.97	-2.13	300296	利亚德	85.5301	25.1	10.82	4.89	9.07	110.0	20200520	20191114
123.68	-0.26	110061	川投转债	-	92.9458	10.88	-2.77	600674	川投能源	113.5699	8.9	33.07	6.71	12.45	106.0	20200515	20191111
180.6	3.32	123034	通光转债	-	99.0641	8.65	-1.82	300265	通光线缆	108.532	66.4	82.31	5.58	10.36	113.0	20200508	20191104
114.281	-0.28	123033	金力转债	-	102.196	37.22	2.93	300748	金力永磁	91.4946	24.9	11.83	28.48	52.88	114.0	20200507	20191101
131.33	0.74	113548	石英转债	-	104.5748	19.06	1.6	603688	石英股份	126.2252	4.04	25.58	10.57	19.63	118.0	20200506	20191028
100.39	-1.38	110060	天路转债	-	96.5284	6.52	1.4	600326	西藏天路	91.0615	10.24	4.0	5.01	9.31	110.0	20200506	20191028
101.62	-0.08	110059	浦发转债	-	98.9607	10.22	-2.11	600000	浦发银行	70.7266	43.68	2.69	-	18.79	110.0	20200504	20191028
97.88	-0.43	127014	北方转债	-	96.7645	6.8	-1.02	000065	北方国际	77.7143	25.95	1.15	6.13	11.38	110.0	20200430	20191024
91.34	-0.63	113546	迪贝转债	-	101.4159	9.55	-1.85	603320	迪贝电气	67.7305	34.86	-9.94	9.87	18.33	115.0	20200429	20191023
112.3	0.07	128079	英联转债	-	98.8051	13.69	-0.29	002846	英联股份	102.088	10.0	13.66	9.39	17.43	112.0	20200427	20191021
120.363	-0.28	128078	太极转债	-	98.2746	23.9	0.8	002368	太极股份	106.6964	12.81	22.48	15.68	29.12	112.0	20200427	20191021
88.633	-0.3	128076	金轮转债	-	96.6705	9.78	-1.51	002722	金轮股份	66.2602	33.77	-8.31	10.33	19.19	110.0	20200420	20191014
203.38	-0.03	113545	金能转债	-	96.6705	22.16	3.17	603113	金能科技	205.5659	-1.06	110.38	7.55	14.01	110.0	20200420	20191014
115.701	0.48	128075	远东转债	-	96.8843	6.15	-0.16	002406	远东传动	111.0108	4.22	19.42	3.88	7.2	110.0	20200327	20190923
94.2	1.13	128074	游族转债	-	101.0846	10.9	-6.12	002174	游族网络	64.231	46.66	-6.81	11.88	22.06	115.0	20200327	20190923
222.39	2.86	123031	晶瑞转债	-	97.8837	30.11	-0.4	300655	晶瑞股份	163.3749	36.12	127.2	12.9	23.96	111.0	20200305	20190829
93.843	0.26	128073	哈尔转债	-	101.4553	3.78	0.0	002615	哈尔斯	66.3158	41.51	-7.5	3.99	7.41	112.0	20200228	20190822
90.53	-0.18	128072	翔鹭转债	-	97.4077	8.91	0.68	002842	翔鹭钨业	58.0834	55.86	-7.06	10.74	19.94	110.0	20200226	20190820
147.0	8.09	123030	九洲转债	-	101.5457	6.07	-1.78	300040	九洲集团	107.4336	36.83	44.76	3.96	7.35	115.0	20200227	20190820
103.451	-1.47	128071	合兴转债	-	97.1747	3.94	-1.01	002228	合兴包装	92.0561	12.38	6.46	3.0	5.56	110.0	20200224	20190816
2702.0	-3.33	123029	英科转债	-	117.3156	229.0	-3.39	300677	英科医疗	2022.9681	33.57	2203.19	7.92	14.72	128.0	20200224	20190816
229.61	4.18	113543	欧派转债	-	97.273	159.0	2.73	603833	欧派家居	221.7883	3.53	136.05	50.18	93.2	110.0	20200224	20190816
112.65	-0.75	113542	好客转债	-	97.4272	16.85	-0.82	603898	好莱客	103.5648	8.77	15.62	11.39	21.15	110.0	20200207	20190801
110.75	-0.78	113541	荣晟转债	-	97.6188	12.85	-0.08	603165	荣晟环保	111.3518	-0.54	13.45	8.08	15.0	110.0	20200131	20190723
97.8	1.23	128070	智能转债	-	100.0898	6.43	0.78	002877	智能自控	67.613	44.65	-2.29	-	12.36	112.0	20200108	20190702
92.175	-0.17	128069	华森转债	-	102.1605	11.38	-1.22	002907	华森制药	63.082	46.12	-9.77	12.63	23.45	115.0	20191230	20190624
81.9	-1.09	123028	清水转债	-	103.8725	7.17	-1.1	300437	清水源	60.5574	35.24	-21.15	8.29	15.39	115.0	20191225	20190619
104.27	-1.89	113027	华钰转债	-	97.9256	8.46	-2.31	601020	华钰矿业	83.1858	25.35	6.48	7.12	13.22	110.0	20191220	20190614
155.893	-0.2	123027	蓝晓转债	-	101.9723	41.91	-0.59	300487	蓝晓科技	142.8912	9.1	52.88	20.53	38.13	113.0	20191217	20190611
127.99	-2.68	113537	文灿转债	-	103.6852	24.97	-3.29	603348	文灿股份	128.5126	-0.41	23.44	13.6	25.26	115.0	20191216	20190610
107.23	-0.46	113536	三星转债	-	97.9733	19.58	-1.61	603578	三星新材	100.2047	7.01	9.45	13.68	25.4	110.0	20191206	20190531
90.97	-0.8	113535	大业转债	-	100.7485	7.44	-0.4	603278	大业股份	60.0	51.62	-9.71	8.68	16.12	110.0	20191115	20190509
89.199	-1.0	128066	亚泰转债	-	100.8175	7.35	-2.52	002811	郑中设计	76.0083	17.35	-11.52	6.77	12.57	112.0	20191023	20190417
241.0	2.99	128065	雅化转债	-	95.1318	22.72	5.19	002497	雅化集团	240.9332	0.03	153.33	6.6	12.26	106.0	20191022	20190416
104.74	19.94	110058	永鼎转债	-	98.5498	3.14	10.18	600105	永鼎股份	62.3016	68.12	6.28	3.53	6.55	110.0	20191022	20190416
94.475	-1.43	127013	创维转债	-	101.1243	7.22	1.26	000810	创维数字	63.3889	49.04	-6.58	7.97	14.81	113.0	20191021	20190415
103.63	-0.25	113026	核能转债	-	94.1882	5.09	-1.93	601985	中国核电	86.8601	19.31	10.02	4.1	7.62	105.0	20191021	20190415
135.0	0.77	113025	明泰转债	-	98.793	14.35	3.24	601677	明泰铝业	128.125	5.37	36.65	7.84	14.56	110.0	20191016	20190410
88.67	-4.15	113534	鼎胜转债	-	98.6254	11.25	-6.41	603876	鼎胜新材	74.1107	19.65	-10.09	10.63	19.73	110.0	20191016	20190409
101.5	-1.46	128064	司尔转债	-	98.6362	5.29	-1.67	002538	司尔特	87.1499	16.47	2.9	4.25	7.89	110.0	20191014	20190408
103.35	-0.43	113024	核建转债	-	94.161	8.2	-2.38	601611	中国核建	84.0164	23.01	9.76	6.83	12.69	105.0	20191014	20190408
94.926	-0.08	128063	未来转债	-	110.2754	6.03	0.17	002631	德尔未来	69.8725	35.86	-13.92	6.04	11.22	120.0	20191011	20190403
68.173	0.44	128062	亚药转债	-	102.8806	3.53	2.02	002370	亚太药业	21.7231	213.83	-33.74	11.38	21.13	115.0	20191009	20190402
93.54	-1.02	113532	海环转债	-	96.9894	5.39	-1.64	603817	海峡环保	70.091	33.46	-3.56	5.38	10.0	108.0	20191009	20190402
103.07	-0.15	110057	现代转债	-	95.1887	8.57	0.47	600420	现代制药	86.6532	18.95	8.28	6.92	12.86	106.0	20191008	20190401
129.35	-0.3	123025	精测转债	-	100.8343	56.52	0.57	300567	精测电子	113.1532	14.31	28.28	34.97	64.94	112.0	20191008	20190329
92.2	-0.67	113530	大丰转债	-	104.5296	10.39	0.19	603081	大丰实业	62.4399	47.66	-11.8	11.65	21.63	116.0	20191008	20190327
102.8	0.29	127012	招路转债	-	92.9317	6.66	0.76	001965	招商公路	75.5959	35.99	10.62	6.17	11.45	105.0	20190930	20190322
100.548	0.78	123024	岱勒转债	-	101.2211	15.76	-1.25	300700	岱勒新材	63.2932	58.86	-0.66	17.43	32.37	110.0	20190927	20190321
86.14	-1.89	123023	迪森转债	-	98.8415	4.36	-1.58	300335	迪森股份	61.9318	39.09	-12.85	4.93	9.15	110.0	20190927	20190320
98.99	-1.01	110056	亨通转债	-	98.7527	12.35	-0.64	600487	亨通光电	82.2785	20.31	0.24	10.51	19.51	110.0	20190926	20190319
131.0	-0.2	123022	长信转债	-	98.8631	7.99	0.38	300088	长信科技	129.9187	0.83	32.51	4.31	8.0	110.0	20190923	20190318
150.13	3.05	110055	伊力转债	-	98.9952	23.4	1.96	600197	伊力特	139.2029	7.85	51.65	11.77	21.85	110.0	20190923	20190315
107.75	-0.23	110053	苏银转债	-	102.712	5.53	-0.72	600919	江苏银行	82.6607	30.35	4.9	-	8.7	111.0	20190920	20190314
114.15	0.14	127011	中鼎转2	-	99.2505	10.25	3.43	000887	中鼎股份	88.4383	29.07	15.01	8.11	15.07	110.0	20190916	20190308
109.2	0.0	128057	博彦转债	-	100.9211	9.12	-1.19	002649	博彦科技	104.5872	4.41	8.2	6.1	11.34	112.0	20190911	20190305
96.25	-0.5	110052	贵广转债	-	102.145	4.81	0.21	600996	贵广网络	60.5793	58.88	-5.77	5.56	10.32	113.0	20190911	20190305
105.31	0.01	113021	中信转债	-	102.5567	5.23	-1.13	601998	中信银行	74.9284	40.55	2.68	-	9.07	111.0	20190911	20190304
92.0	-0.02	113528	长城转债	-	101.4317	16.3	-0.61	603897	长城科技	69.5096	32.36	-9.3	16.42	30.49	112.0	20190909	20190301
100.8	0.6	128056	今飞转债	-	104.3854	5.27	0.38	002863	今飞凯达	78.6567	28.15	-3.43	4.69	8.71	115.0	20190906	20190228
115.9	-1.29	110051	中天转债	-	98.2008	10.55	-1.03	600522	中天科技	104.559	10.85	18.02	7.06	13.12	109.0	20190906	20190228
124.68	0.19	128053	尚荣转债	-	99.2138	5.44	-0.91	002551	尚荣医疗	111.2474	12.07	25.67	3.42	6.36	110.0	20190821	20190214
80.09	-0.2	113527	维格转债	-	103.338	4.49	-1.32	603518	锦泓集团	45.5838	75.7	-22.5	6.9	12.81	115.0	20190730	20190124
123.5	-1.23	113526	联泰转债	-	95.4081	7.2	-1.37	603797	联泰环保	117.8396	4.8	29.44	4.28	7.94	106.0	20190729	20190123
286.0	5.87	128052	凯龙转债	-	99.2279	10.77	-1.19	002783	凯龙股份	161.4693	77.12	188.23	4.67	8.67	110.0	20190627	20181221
194.122	2.39	123018	溢利转债	-	99.2393	10.15	3.47	300381	溢多利	121.9952	59.12	95.61	5.82	10.82	110.0	20190626	20181220
97.43	0.2	113525	台华转债	-	99.2735	5.24	3.15	603055	台华新材	66.9221	45.59	-1.86	5.48	10.18	110.0	20190621	20181217
102.356	-0.1	128051	光华转债	-	99.7704	12.65	-0.71	002741	光华科技	99.4497	2.92	2.59	8.9	16.54	110.0	20190621	20181214
95.75	-0.19	113524	奇精转债	-	101.9068	10.77	-1.01	603677	奇精机械	76.4915	25.18	-6.04	9.86	18.3	113.0	20190621	20181214
122.51	2.27	128050	钧达转债	-	106.663	17.93	2.11	002865	钧达股份	120.7407	1.47	14.86	10.4	19.31	118.0	20190614	20181210
108.89	-0.11	110048	福能转债	-	98.5206	7.8	0.0	600483	福能股份	96.0591	13.36	10.53	5.68	10.56	109.0	20190614	20181207
93.286	-0.77	128049	华源转债	-	99.6828	5.93	-0.34	002787	华源控股	79.9191	16.73	-6.42	5.19	9.65	110.0	20190603	20181127
103.2	-0.76	110047	山鹰转债	-	102.3572	3.03	-1.3	600567	山鹰国际	90.7186	13.76	0.82	2.34	4.34	113.0	20190527	20181121
176.501	6.28	123017	寒锐转债	-	96.1068	102.0	5.22	300618	寒锐钴业	177.7003	-0.67	83.65	40.18	74.62	106.0	20190527	20181120
146.7	-2.54	127008	特发转债	-	100.3052	7.36	-0.27	000070	特发信息	132.852	10.42	46.25	3.88	7.2	108.0	20190522	20181116
109.9	-1.35	128048	张行转债	-	98.8058	5.53	-0.72	002839	张家港行	96.0069	14.47	11.23	-	7.49	109.0	20190516	20181112
93.2	1.19	113519	长久转债	-	104.0842	6.72	1.82	603569	长久物流	60.2691	54.64	-10.46	7.81	14.5	115.0	20190513	20181107
152.82	3.03	128046	利尔转债	-	98.2346	27.94	1.27	002258	利尔化学	150.0537	1.84	55.57	13.03	24.21	108.0	20190423	20181017
85.63	-0.41	128044	岭南转债	-	98.1048	2.85	0.0	002717	岭南股份	48.2234	77.57	-12.72	4.14	7.68	107.0	20190220	20180814
260.602	4.85	123015	蓝盾转债	-	98.9954	4.7	-2.69	300297	蓝盾股份	81.1744	221.04	163.25	4.05	7.53	108.0	20190218	20180813
105.01	0.01	113516	苏农转债	-	100.8852	4.64	-1.07	603323	苏农银行	84.058	24.93	4.09	-	7.18	110.0	20190211	20180802
96.198	0.6	128042	凯中转债	-	102.6824	9.78	5.62	002823	凯中精密	75.463	27.48	-6.31	9.07	16.85	112.0	20190211	20180730
124.4	2.98	123014	凯发转债	-	99.6629	6.47	-2.12	300407	凯发电气	79.6798	56.12	24.82	5.68	10.56	106.0	20190211	20180727
437.342	7.99	123013	横河转债	-	101.8196	6.56	-2.81	300539	横河模具	71.851	508.68	329.53	6.39	11.87	110.0	20190201	20180726
114.85	2.27	123012	万顺转债	-	97.5154	4.4	-0.23	300057	万顺新材	82.8625	38.6	17.78	3.72	6.9	106.0	20190128	20180720
93.0	1.44	123011	德尔转债	-	102.8292	17.5	-1.63	300473	德尔股份	50.6659	83.56	-9.56	24.18	44.9	112.0	20190124	20180718
309.3	18.12	128041	盛路转债	-	101.0777	5.66	-1.05	002446	盛路通信	82.9912	272.69	206.0	4.77	8.87	110.0	20190123	20180717
97.52	0.02	110045	海澜转债	-	98.227	6.82	5.74	600398	海澜之家	58.0426	68.01	-0.72	8.23	15.28	108.0	20190121	20180713
95.06	0.2	123010	博世转债	-	99.4554	9.04	0.44	300422	博世科	74.0984	28.29	-4.42	8.54	15.86	108.0	20190111	20180705
95.8	-0.72	127007	湖广转债	-	99.5379	3.86	0.0	000665	湖北广电	69.1756	38.49	-3.76	3.91	7.25	108.0	20190104	20180628
209.49	5.2	110044	广电转债	-	99.5497	5.77	0.7	600831	广电网络	83.6232	150.52	110.44	4.83	8.97	108.0	20190103	20180627
105.85	2.96	128040	华通转债	-	99.7028	10.67	3.69	002758	浙农股份	103.2914	2.48	6.17	7.23	13.43	108.0	20181221	20180614
99.85	-0.04	128039	三力转债	-	97.5332	5.37	0.94	002224	三 力 士	92.4269	8.03	2.38	4.07	7.55	106.0	20181214	20180608
230.75	1.68	113509	新泉转债	-	98.0477	36.02	2.04	603179	新泉股份	231.6399	-0.38	135.34	10.89	20.22	106.0	20181210	20180604
125.81	0.3	113508	新凤转债	-	100.2764	19.4	1.15	603225	新凤鸣	122.9404	2.33	25.46	11.05	20.51	108.0	20181105	20180426
92.7	0.16	128037	岩土转债	-	100.7612	2.7	-1.1	002542	中化岩土	33.7922	174.32	-8.0	5.59	10.39	108.0	20180921	20180315
100.0	-0.31	127006	敖东转债	-	96.8381	15.48	0.0	000623	吉林敖东	75.808	31.91	3.27	14.29	26.55	105.0	20180919	20180313
122.714	-0.23	127005	长证转债	-	98.1102	7.62	0.79	000783	长江证券	104.6703	17.24	25.08	-	9.46	105.0	20180917	20180312
127.259	0.77	128036	金农转债	-	99.0389	7.5	-1.96	002548	金新农	107.7586	18.1	28.49	4.87	9.05	106.0	20180917	20180309
99.37	0.38	113505	杭电转债	-	100.8637	6.77	1.96	603618	杭电股份	94.8179	4.8	-1.48	5.0	9.28	108.0	20180912	20180306
122.98	-1.7	113504	艾华转债	-	99.1166	24.56	1.4	603989	艾华集团	116.2328	5.8	24.08	14.79	27.47	106.0	20180910	20180302
112.1	-1.06	128035	大族转债	-	97.219	45.45	2.39	002008	大族激光	87.2361	28.5	15.31	36.47	67.73	105.0	20180813	20180206
121.74	-0.46	110043	无锡转债	-	97.507	6.37	-4.64	600908	无锡银行	110.0173	10.66	24.85	-	7.53	106.0	20180806	20180130
104.932	-0.07	128034	江银转债	-	97.5499	4.04	-2.42	002807	江阴银行	89.7778	16.88	7.57	-	5.85	106.0	20180801	20180126
107.97	1.05	123007	道氏转债	-	99.7179	15.35	6.6	300409	道氏技术	102.6756	5.16	8.28	10.47	19.44	107.0	20180704	20171228
94.72	-0.3	128033	迪龙转债	-	98.3502	5.12	-0.39	002658	雪迪龙	57.9841	63.36	-3.69	6.18	11.48	106.0	20180703	20171227
90.5	-0.1	113017	吉视转债	-	98.3502	1.74	-0.57	601929	吉视传媒	58.9831	53.43	-7.98	2.07	3.84	106.0	20180702	20171227
104.35	-2.06	128032	双环转债	-	98.8475	8.68	-1.59	002472	双环传动	87.7654	18.9	5.57	6.92	12.86	106.0	20180629	20171225
260.18	1.63	128030	天康转债	-	100.6857	10.8	-1.73	002100	天康生物	137.5796	89.11	158.41	5.5	10.21	108.0	20180628	20171222
209.867	5.2	128029	太阳转债	-	100.4866	17.57	5.59	002078	太阳纸业	205.4971	2.13	108.85	5.99	11.12	106.0	20180628	20171222
101.14	-0.02	110041	蒙电转债	-	98.8795	2.21	-2.21	600863	内蒙华电	82.1561	23.11	2.29	1.88	3.5	106.0	20180628	20171222
312.0	8.71	128028	赣锋转债	-	98.1221	130.73	8.5	002460	赣锋锂业	313.6516	-0.53	217.97	29.18	54.18	106.0	20180627	20171221
95.329	-0.14	123004	铁汉转债	-	98.4458	3.15	-1.25	300197	铁汉生态	79.1457	20.45	-3.17	2.79	5.17	106.0	20180622	20171218
94.465	-1.51	128026	众兴转债	-	98.9755	8.4	-0.36	002772	众兴菌业	73.3624	28.76	-4.56	8.02	14.89	106.0	20180619	20171213
94.2	0.0	128025	特一转债	-	98.5731	10.27	1.18	002728	特一药业	69.8639	34.83	-4.44	10.29	19.11	106.0	20180612	20171206
94.08	0.09	128023	亚太转债	-	100.8811	5.33	3.7	002284	亚太股份	51.5474	82.51	-6.74	7.24	13.44	108.0	20180608	20171204
91.99	-0.51	128022	众信转债	-	98.6261	4.79	-3.62	002707	众信旅游	60.4798	52.1	-6.73	5.54	10.3	106.0	20180607	20171201
104.0	-1.88	128021	兄弟转债	-	98.6579	4.91	0.61	002562	兄弟科技	94.605	9.93	5.41	3.63	6.75	106.0	20180604	20171128
104.503	-0.09	123002	国祯转债	-	98.7003	8.31	0.36	300388	节能国祯	97.9953	6.64	5.88	5.94	11.02	106.0	20180530	20171124
101.95	0.12	110038	济川转债	-	101.395	19.69	4.29	600566	济川药业	82.5577	23.49	0.55	11.93	29.81	106.0	20180517	20171113
95.82	-0.27	113502	嘉澳转债	-	101.1404	16.94	-2.64	603822	嘉澳环保	37.8209	153.35	-5.26	31.35	58.23	108.0	20180517	20171110
99.238	0.09	128018	时达转债	-	99.3683	5.48	0.55	002527	新时达	73.8544	34.37	-0.13	5.19	9.65	106.0	20180510	20171106
103.66	-0.34	113016	小康转债	-	99.3683	15.3	-7.66	601127	小康股份	97.4522	6.37	4.32	10.99	20.41	106.0	20180511	20171106
230.98	5.38	128017	金禾转债	-	98.9425	49.5	4.7	002597	金禾实业	220.785	4.62	133.45	15.69	29.15	106.0	20180807	20171101
87.42	-17.52	113014	林洋转债	-	99.4739	6.55	-10.03	601222	林洋能源	76.6979	13.98	-12.12	5.98	11.1	106.0	20180503	20171027
113.57	-0.05	113013	国君转债	-	99.7328	16.43	-0.79	601211	国泰君安	86.4282	31.4	13.87	-	24.71	105.0	20180108	20170707
94.8	0.0	128015	久其转债	-	102.3176	4.23	-2.31	002279	久其软件	44.6203	112.46	-7.35	6.64	12.32	108.0	20171215	20170608
172.077	3.97	127004	模塑转债	-	104.713	5.25	-0.19	000700	模塑科技	70.3753	144.51	64.33	5.22	9.7	110.0	20171208	20170602
100.11	0.0	128014	永东转债	-	103.3655	7.45	-4.49	002753	永东股份	59.127	69.31	-3.15	8.82	16.38	108.0	20171023	20170417
109.0	1.96	113012	骆驼转债	-	100.3509	9.65	4.32	601311	骆驼股份	95.9245	13.63	8.62	7.04	13.08	105.0	20171009	20170324
123.5	-0.43	113011	光大转债	-	100.914	3.99	-2.92	601818	光大银行	106.117	16.38	22.38	-	4.89	105.0	20170918	20170317
96.656	0.06	128013	洪涛转债	-	104.7303	2.23	-0.89	002325	洪涛股份	71.9355	34.36	-7.71	2.17	4.03	108.0	20170206	20160729
100.223	-0.18	127003	海印转债	-	107.1731	2.08	-4.59	000861	海印股份	69.3333	44.55	-6.48	2.1	3.9	110.0	20161216	20160608
122.51	3.88	128010	蔚蓝转债	-	107.7506	11.4	3.17	002245	蔚蓝锂芯	123.2432	-0.59	13.7	6.48	12.03	108.0	20160729	20160122
106.24	0.13	113009	广汽转债	-	102.8342	11.01	4.96	601238	广汽集团	77.3717	37.31	3.31	9.96	18.5	106.0	20160722	20160122
111.83	-2.07	110034	九州转债	-	104.8383	17.92	-5.03	600998	九州通	97.8166	14.33	6.67	12.82	23.82	108.0	20160721	20160115
106.9	0.09	110033	国贸转债	-	104.9294	6.2	0.81	600755	厦门国贸	86.351	23.8	1.88	5.03	9.33	108.0	20160705	20160105
106.34	0.19	110031	航信转债	-	105.8249	11.28	-1.74	600271	航天信息	52.3191	103.25	0.49	15.09	28.03	107.0	20151214	20150612
-	-	110806	中闽定02	-	100.1561	-	-	-	-	129.2035	-22.6	-0.16	-	-	-	20210722	-
-	-	110802	继峰定02	-	97.0878	-	-	-	-	106.2413	-5.87	3.0	-	-	-	20201224	-
-	-	110800	赛腾定转	-	93.8899	-	-	-	-	119.8904	-16.59	6.51	-	-	-	20201224	-
-	-	123097	美力转债	-	97.3216	8.54	-1.04	300611	美力科技	91.4347	9.37	2.75	6.54	12.14	115.0	20210802	20210127